{"Train Epoch": 16, "Total Loss": 0.5983698636293411, "Learning_Rate": 1.25e-06, "_timestamp": 1667288528.1046333, "_runtime": 2211.9119503498077, "_step": 815, "_wandb": {"runtime": 2224}}