{"Train Epoch": 10, "Total Loss": 0.17195635568350554, "Learning_Rate": 5e-06, "_timestamp": 1667305703.0752695, "_runtime": 1755.5927994251251, "_step": 599, "_wandb": {"runtime": 1769}}