{"Train Epoch": 10, "Total Loss": 0.07377643429208547, "Learning_Rate": 5e-06, "_timestamp": 1667305734.9174764, "_runtime": 1762.686425447464, "_step": 599, "_wandb": {"runtime": 1775}}