{"Train Epoch": 9, "Total Loss": 0.13577568624168634, "Learning_Rate": 5e-06, "_timestamp": 1667281418.4776335, "_runtime": 1287.2312383651733, "_step": 479, "_wandb": {"runtime": 1299}}