{"Train Epoch": 0, "Total Loss": 0.9698154360055924, "Learning rate": 2e-08, "Train Acc": 0.06875, "_timestamp": 1667289892.393904, "_runtime": 132.04131507873535, "_step": 47, "_wandb": {"runtime": 132}}