{"Train Epoch": 12, "Total Loss": 0.6004717722535133, "Learning_Rate": 2.5e-06, "_timestamp": 1667305979.90709, "_runtime": 2049.1611618995667, "_step": 719, "_wandb": {"runtime": 2061}}