{"Train Epoch": 1, "Total Loss": 1.24275978282094, "Learning_Rate": 4.016e-06, "_timestamp": 1667288804.1626904, "_runtime": 205.44731736183167, "_step": 96}